"","Albania","Argentina","Armenia","Developing Asia","Australia","Austria","Belgium","Bulgaria","Bahrain","Bosnia and Herzegovina","Belarus","Bolivia","Brazil","Botswana","Canada","Switzerland","Chile","China","Colombia","Costa Rica","Cyprus","Czech Republic","Germany","Developing Countries","Denmark","East Asia & Pacific developing","Europe & Central Asia developing","Ecuador","Spain","Estonia","Finland","France","United Kingdom","Georgia","Ghana","Greece","Guatemala","High Income Countries","Hong Kong SAR, China","Honduras","Croatia","Hungary","High income: OECD","Indonesia","India","Ireland","Iran, Islamic Rep.","Iceland","Israel","Italy","Jamaica","Jordan","Japan","Kazakhstan","Kenya","Korea, Rep.","Kuwait","Latin America & Caribbean developing","Low-Income Countries (LIC)","Sri Lanka","Lithuania","Luxembourg","Latvia","Morocco","Moldova, Rep.","Mexico","Middle-Income Countries (MIC)","North Macedonia","Malta","Middle East & N. Africa developing","Mongolia","Mauritius","Malaysia","Nigeria","Nicaragua","Netherlands","Norway","New Zealand","High Income: Non-OECD","Peru","Philippines","Poland","Portugal","Paraguay","Qatar","Romania","Russian Federation","South Asia developing","Saudi Arabia","Singapore","El Salvador","Serbia","Sub-Saharan Africa developing","Slovakia","Slovenia","Sweden","Thailand","Tunisia","Turkey","Taiwan, China","Ukraine","Uruguay","United States","Uzbekistan","Vietnam","World (WBG members)","South Africa"
"","","","","","","","","","","","","","","","","","","","","","","","","","","","","","","","","","","","","","","","","","","","","","","","","","","","","","","","","","","","","","","","","","","","","","","","","","","","","","","","","","","","","","","","","","","","","","","","","","","","","","","","","","","",""
"1990","NA","NA","NA","NA","323674","NA","215972.2","NA","NA","NA","NA","NA","NA","NA","596021","259188.1","NA","NA","NA","NA","NA","NA","1759653","NA","138568.2","NA","NA","NA","425152.9","NA","118165.4","1369596","1192995","NA","NA","NA","NA","19036489","76847.01","NA","NA","NA","18226606","NA","NA","NA","NA","NA","57578.58","945746.7","NA","NA","3145428","NA","NA","278173.8","NA","NA","NA","NA","NA","NA","NA","NA","NA","291071.6","NA","NA","NA","NA","NA","NA","NA","NA","NA","343810.6","120022","45823.9","NA","NA","NA","NA","67159.27","NA","NA","NA","NA","NA","NA","38938.69","4813.112","NA","NA","NA","NA","256234.2","NA","NA","201529.1","166660.5","NA","NA","5963200","NA","NA","22094274","115594.4"
"1991","NA","NA","NA","NA","323901.3","NA","219723","NA","NA","NA","NA","NA","NA","NA","612314","261865","NA","NA","NA","NA","NA","NA","2001078","NA","139609.5","NA","NA","NA","452311","NA","109857.3","1378964","1244218","NA","NA","NA","NA","20275950","88856.2","NA","NA","NA","19391500","40627.64","NA","NA","NA","NA","65468.07","1004008","NA","NA","3590619","NA","NA","324176.8","NA","NA","NA","NA","NA","NA","NA","NA","NA","352034.9","NA","NA","NA","NA","NA","NA","52718.46","NA","NA","352798.9","121928.2","43563.17","NA","NA","13767.27","NA","74763.86","NA","NA","NA","NA","NA","NA","45471.47","5249.119","NA","NA","NA","NA","269158.9","NA","NA","218258.5","187620.3","NA","NA","6158100","NA","NA","23588536","124069.3"
"1992","NA","NA","NA","NA","317375.4","NA","241435.3","NA","NA","NA","NA","NA","NA","NA","594593.1","272093.2","NA","488521.8","NA","NA","NA","NA","2241876","NA","153106.3","NA","NA","NA","510949.1","NA","112289.3","1496190","1283450","NA","NA","NA","NA","21780922","104169","NA","NA","NA","20795969","168056.4","NA","NA","NA","NA","72494.13","1105843","NA","5407.734","3909207","NA","NA","349043.4","NA","NA","NA","NA","NA","NA","NA","NA","NA","408399.3","NA","NA","NA","NA","NA","NA","63519.43","NA","NA","385070.3","130904.8","41594.95","NA","NA","59470.24","NA","88444.24","NA","NA","NA","NA","NA","NA","52106.36","5810.547","NA","NA","NA","NA","279959.5","NA","NA","228268.1","223267.7","NA","NA","6520400","NA","NA","25578404","134493.4"
"1993","NA","264530.4","NA","1279731","308462.4","NA","224395.1","NA","NA","NA","NA","4328.65","NA","NA","579058.9","264202.2","NA","611084.8","NA","NA","NA","NA","2080800","NA","143298.1","1069284","NA","NA","475616.8","NA","102166.5","1360939","1151618","NA","NA","NA","NA","22039458","120214.8","NA","NA","NA","21009617","190825.2","NA","NA","722116.5","NA","72773.75","1025103","NA","5691.817","4463778","NA","NA","386303.2","NA","NA","NA","NA","NA","NA","NA","NA","NA","501099.5","NA","NA","NA","NA","NA","NA","71806.31","NA","NA","356562.8","120325.6","44872.59","NA","NA","60408.41","NA","83952.24","NA","NA","NA","115810.6","NA","NA","60610.1","6678.989","NA","NA","NA","NA","210152.5","128927.1","NA","259326.6","235320","NA","NA","6858500","NA","NA","26184424","134231.9"
"1994","NA","288033.5","NA","1291752","352797","NA","239376.4","NA","NA","NA","NA","5983.877","511777.4","4230.936","579795.7","293538.2","NA","561110.1","NA","10493.16","NA","NA","2204321","3460201","156695.6","1079328","590102.4","NA","511823.5","NA","109452.1","1420752","1236053","NA","NA","NA","NA","23700876","135690.8","NA","NA","NA","22570347","213744.3","NA","NA","77414.66","NA","82899.26","1098094","NA","6293.735","4913557","4239.331","NA","456937.2","NA","NA","NA","NA","NA","NA","NA","NA","NA","526585.8","3460201","NA","NA","116092.8","NA","NA","80061.29","NA","NA","379204","127587.5","52919.23","NA","NA","71472.82","NA","92374.76","7997.22","NA","NA","291926.2","NA","NA","73875.92","7674.948","NA","NA","NA","NA","226476.3","146648.6","NA","187472.6","256677.2","NA","NA","7287200","NA","NA","27379474","139868.3"
"1995","NA","288479.2","NA","1591362","377936.2","233056.8","280567.4","14601.34","NA","NA","NA","6704.88","785765.6","4674.035","606215.7","343370.5","NA","730549.7","NA","11489.81","10181.26","59941.83","2518565","4051350","185139.1","1329668","723593.7","NA","609077.8","3684.764","130695","1615654","1336286","NA","NA","123254.6","NA","26157743","144553.5","NA","NA","46326.38","24943101","244750.7","NA","72715.62","77885.52","NA","100307.3","1308362","NA","6807.329","5471338","17018.62","NA","558266.9","NA","1371369","NA","NA","10300.83","20915.27","5380.139","NA","NA","360565.2","4051350","NA","NA","117458.1","NA","NA","95273.38","NA","NA","437053.8","152179.8","62221.54","NA","NA","82141.81","141820.2","118059.4","9481.28","NA","37309.95","331454.8","NA","NA","87890.93","8918.814","NA","NA","26093.44","13993.53","264724.5","169202.9","NA","244572","279560.7","NA","NA","7639900","NA","NA","30424166","155493"
"1996","NA","304161.7","NA","1829857","423722.2","234601.8","278846.9","10093.47","NA","NA","NA","7384.934","849511.9","4780.092","630631.3","330461.1","78019.89","860300.8","NA","11599.63","10303.82","66944.53","2488873","4532896","187709.2","1528944","823127.7","NA","630119.9","4703.647","131779.3","1617186","1412070","3068.993","NA","132778.4","NA","26331776","159496.8","NA","NA","46703.94","25058994","276636.4","290308.2","77746.14","86126.03","NA","110026.3","1346695","7456.47","6992.304","4836113","20136.24","NA","600305.3","NA","1505157","NA","NA","12529.43","21591.58","6000.371","NA","NA","410400.2","4532896","NA","NA","129143.2","NA","NA","108306.4","NA","NA","444961.2","163038.2","69106.7","1349891","NA","91821.34","158986.4","121829.1","9846.777","NA","36296","417738.2","NA","NA","96424.08","9586.192","NA","NA","28322.39","15649.59","288517.3","182968","NA","249409.8","292815.1","NA","NA","8073200","NA","NA","31025115","148218.1"
"1997","NA","327324.5","NA","2023003","424834.2","213100","255645.4","9999.202","NA","NA","NA","7928.318","883879.9","4958.261","654865.2","286796.5","84912.97","959656.3","NA","12512.4","9472.936","61986.83","2228762","4947072","173656.6","1598324","858625.2","NA","586101.4","5072.786","125245.7","1462937","1555323","3504.326","NA","129555.2","NA","25863185","177253.2","NA","NA","47215.78","24540921","271646.9","412418.4","78426.88","105390.5","7594.893","114807.2","1234145","8439.535","7328.271","4416420","21274.15","NA","564279.5","NA","1652065","NA","NA","13252.38","19797.87","6107.398","NA","NA","500235.6","4947072","NA","NA","156326.4","NA","NA","108793","NA","NA","417758.4","161271.4","68790.32","1436267","NA","91926.04","159985.9","115790","10018.95","NA","35065.4","432453.6","427125","NA","100243.9","10220.61","NA","NA","27584.23","15629.39","265028.3","156985.9","NA","266218.2","304496.7","NA","24061.33","8577600","NA","NA","30935274","152661.7"
"1998","NA","334207.9","NA","1844521","380368.1","218153.4","261269.3","13241.08","NA","NA","NA","8490.133","865187.1","4713.614","634533.2","295162.5","81606.8","1027463","NA","13608.02","10099.91","66728.23","2246529","4668826","177239.9","1417017","762620.8","NA","617611","5626.312","134185.7","1507007","1642715","3616.916","NA","139505.4","NA","26001632","169037.7","NA","NA","48652.29","24712670","116556.3","416090.3","89569.12","119492.1","8497.034","116220.2","1264370","8873.074","7993.623","4052542","21206.93","NA","377561.8","NA","1663994","NA","NA","14507.16","20265.31","6721.634","40134.24","NA","527150.5","4668826","NA","NA","176806.3","NA","NA","77673.45","NA","NA","439654.4","154070.3","56753.89","1383678","NA","72420.9","175359","124168.3","9341.502","NA","41484.72","330380.2","430927.7","NA","85923.59","10933.45","NA","NA","29684.68","17045.58","267215.6","114644.3","NA","272656","281101.5","NA","25381.98","9062800","NA","NA","30816502","138687"
"1999","NA","317253.9","NA","2023664","411096.5","216468.7","260332.5","13490.27","NA","NA","NA","8315.658","600240.3","5394.15","678777.4","289726.4","75076.23","1092785","NA","14243.47","10370.55","64638.15","2196624","4614690","177962.1","1566561","588950.8","NA","633480.7","5728.738","135306.6","1492280","1668362","2823.305","NA","142630.2","NA","27288684","165709.3","NA","NA","49011.96","25980455","170268","444649.7","98674.05","240024.9","8968.882","117009.1","1247734","8919.451","8217.487","4586119","17696.05","NA","485613.7","NA","1444818","NA","NA","13553.92","22223.69","6687.273","39768.02","NA","601600.8","4614690","NA","NA","303794.8","NA","4501.626","84932.53","NA","NA","447054","162041.5","58831.12","1385693","NA","82889.52","170899.6","127540.2","8836.606","NA","35717.68","205394.8","460505.6","NA","86328.92","11283.65","NA","NA","30390.36","18242.51","270811.7","126555.9","NA","252019.9","304392.3","NA","24035.12","9630800","NA","NA","32073532","136552.6"
"2000","NA","318020.7","2105.325","2188970","398476.9","196984.5","238377.1","13185.01","NA","NA","NA","8444.452","655302.9","5640.815","744752.1","272372.7","77886.05","1210043","NA","14991.3","9779.515","61693.5","1954674","5186767","164287.6","1708609","692283.6","18318.6","596271.1","5684.852","125753.5","1365491","1650838","3061.011","NA","130709.8","NA","27740486","171661.4","7196.433","21739.8","47227.02","26386118","180427.4","466973","99897.96","346746.7","9002.34","132214.5","1145425","9129.129","8529.668","4889738","18153.97","NA","561473.7","NA","1631396","NA","NA","12322.2","21296.7","6297.064","37038.65","NA","706813.4","5186767","3816.03","3816.104","413815.7","NA","4840.813","100688","NA","NA","417250.8","171536.3","54008.3","1445175","NA","81096.34","174859.9","118564.8","8838.906","NA","37039.37","276649.9","483625","NA","95778.64","11783.37","2029.197","NA","29075.92","17452.43","260441.9","126396.3","21500.7","271541","331489.4","NA","22831.8","10252400","NA","NA","33071316","136558.1"
"2001","NA","300791.3","2323.309","2312777","376435.5","197253.7","238040.3","14112.3","NA","NA","NA","8144.968","564061.9","5379.317","739127.7","278873.5","71233.52","1338954","NA","15900.16","10224.19","67639.9","1954935","5343897","164819.4","1820654","692355.7","24468.32","626464.7","6242.935","129370","1378728","1626896","3220.242","NA","136498.9","18731.8","27462636","169398.4","7659.254","23273.93","53756.51","26167596","175044.6","478068","109201.5","414692.4","8194.674","130699.8","1162983","9250.707","9050.298","4308274","21467.59","NA","533621.5","NA","1594428","NA","NA","12714.56","21276.17","6677.171","37762.94","NA","757862.6","5343897","3748.366","3815.809","483586.6","NA","4780.697","99650.07","NA","NA","431708.2","174561.2","53070.82","1364148","NA","76226.17","194013.8","121643.1","8541.113","NA","39867.88","326192.3","495115.5","NA","89387.71","12279.82","12425.13","NA","30658.24","19032.34","240442.4","120167.6","22080.96","204289.2","300734.6","37795.61","21002.44","10581900","NA","NA","32938741","122464"
"2002","NA","116452","2570.239","2534087","424568.7","214109.7","260196.3","16396.03","NA","NA","NA","7910.748","521742.7","5304.526","760427.7","302943.2","69720.53","1469089","NA","16506.35","11236.92","82363.88","2092615","5427298","179475.3","2018034","786568.4","28548.95","709093.1","7360.754","140254.4","1502488","1779186","3397.627","NA","154960.4","20769.09","28501592","166314.2","7860.811","27002.12","67963.13","27367730","213459.6","500787.5","128718","206591.8","9356.223","121097.7","1272599","9724.238","9692.171","4126828","22981.76","NA","610791.5","NA","1569629","NA","NA","14393.75","23708.41","7954.751","40490.58","NA","771729.9","5427298","4044.961","4266.419","279955.9","NA","5013.587","108215.7","NA","NA","474123.1","196652.2","62097.96","1110108","NA","81270.08","198972","134888.2","7260.538","NA","45526.46","367232.4","518645.3","NA","91980.87","12654.54","16128.56","NA","35236.59","22410.99","266022.9","134237.8","23181.4","235568.8","309333.9","42145.44","14401.74","10936500","NA","NA","34070925","116612.1"
"2003","NA","143021.5","3043.266","2878623","540747.7","261470.7","319894.2","21055.9","NA","NA","NA","8098.589","562096.4","7551.118","898417.2","353829.1","76136.82","1657756","NA","17201.22","14547.54","99793.97","2516033","6041688","218802.7","2281029","1001876","32432.86","909624.9","9863.564","171550.8","1846784","2047037","3993.549","NA","202854.8","21961.1","31974738","161332.9","8241.224","34753.11","85157.66","30742510","255554.3","580187","164867.1","150589.4","11422.41","127085.7","1574802","9531.534","10293.76","4453983","29937.43","NA","680570","NA","1575021","NA","NA","18864.45","29634.21","10826.95","49834.16","1995.741","729068","6041688","5030.784","5385.455","238204.8","NA","6004.068","118314.2","NA","NA","580624.7","228637.7","82568.75","1187497","NA","83767.51","217610.9","165424.2","7669.055","NA","57108.64","459606.3","600876.1","NA","96940.39","13233.26","21134.47","NA","46814.53","29035.8","333231.7","152342.1","27487.49","312091.3","318826.7","49928.29","12051.73","11458200","NA","11445.57","38177676","176969.4"
"2004","NA","165001","3897.567","3376738","656502.7","299513.5","371543.4","25979.37","NA","NA","NA","8773.704","669194.5","8958.307","1028658","394256.5","99362.53","1951247","NA","18498.28","17239.32","119359.7","2814652","7189616","251788.7","2679861","1330493","36591.66","1071601","12083.1","197140.6","2116311","2405813","5135.445","NA","241156.3","23937.59","35475117","169044.6","8870.047","41548.15","104260","34102219","279351.3","676461.6","194243.5","177328.1","13865.44","135400.5","1798836","10257.81","11538.86","4818870","43120.67","NA","765588.7","NA","1765610","NA","NA","22646.44","34740.56","13685.96","56952.2","2601.998","780633.2","7189616","5614.735","6038.949","277028.2","NA","6812.147","133893","NA","NA","657903.3","264701.8","101620.8","1325893","NA","91230.33","255524.8","189521.9","9630.994","NA","74325.73","629385.1","700583.8","NA","114138.4","13709.09","24729.44","NA","57302.76","34134.09","382162.9","172763.6","31209.14","402159.1","348648.1","64474.47","13724.15","12213800","NA","49202.84","42824816","229978.1"
"2005","NA","199294.2","5338.513","3908116","732602","314688","387461.2","29555.56","NA","NA","NA","9555.385","895721.4","9943.476","1174411","408702.5","123455.9","2282510","145213.7","19925.55","18434.91","136166","2858232","8561587","264694.2","3093204","1692826","41507.09","1157153","13978.13","204508.9","2194469","2525458","6397.304","NA","248134.7","27168.87","37417965","181414.8","9761.282","45256.6","112821.9","35917146","310456.3","791276.7","211606","214519.3","16842.63","142373.4","1853515","11284.98","12757.79","4767625","57151.57","NA","898140.3","NA","2143813","NA","NA","26107.93","37314.36","16869.07","59517.15","2985.692","878221.5","8561587","6232.729","6397.197","319087.4","2507.58","6741.693","148129.2","NA","NA","684823.1","308297.7","113160.2","1475195","NA","103019.7","304268.5","197356.5","10741.86","41906.34","98009.7","812250.9","819493.1","328375.3","127255.1","14674","27597.01","NA","62620.16","36310.46","389356.1","189161.4","32293.18","498650.6","375936.7","86223.71","17411.93","13036600","NA","57419.58","46110566","257622.5"
"2006","NA","232867.8","6987.265","4644655","781428.3","335789.6","410447.9","34049.73","NA","NA","37871.21","11462.21","1106836","10128.75","1319452","431593.2","154806.8","2746412","161460.1","22582.11","20108.94","155960.2","3008140","10149986","283333.6","3724090","2082709","46802.04","1266736","16980.83","216884.7","2323793","2701885","7745.56","32007.24","273962.4","30185.67","39485499","193324.2","10917.73","50404.55","115230.3","37819484","396161.4","892475.6","232473.2","254486.7","17298.17","154119.1","1948098","11916.68","15208.02","4527252","80560.25","NA","1012302","NA","2499660","NA","NA","30308.06","42473.29","21522.1","65681.34","3392.417","974713.9","10149986","6860.916","6766.606","369811.7","3412.58","7078.054","167986.5","NA","6840.942","734715.3","345820.5","109772.4","1644354","NA","122255.7","343181.6","208900.4","13480.67","55962.47","121910.9","1056961","924300.6","376160.3","147811.2","15980.47","32618.71","NA","70663.72","39814.87","421476.7","221911.6","34435.65","547425.6","388592","107385.6","19609.79","13814700","16729.46","65949.96","49737898","272354.3"
"2007","NA","287618.2","10022.3","5883907","948667.9","389884.1","472654.4","44373.79","NA","NA","46401.45","13129.69","1402983","10900.34","1475983","480988.6","173876.7","3542976","206313","26769.06","24025.67","190110.8","3450564","12646485","320054.2","4706868","2700192","51007.78","1482418","22259.58","255939.3","2664225","3085993","10144.58","38682.21","319395.6","34056.44","43270106","211257.5","12361.22","60198.6","139912.3","41375223","469779.2","1141455","270356.9","324700.7","21572.67","178927.4","2206608","12830.07","17286.67","4516551","102070.2","NA","1122935","NA","2956381","NA","NA","39896.77","50988.31","30956.26","75337.87","4422.415","1052323","12646485","8330.215","7896.269","456368.6","4267.697","8214.606","199872.4","NA","7414.606","849285.7","402326.5","134997.1","1875669","102282.9","149707.6","430658.5","240629.7","17915.27","70347.52","174201","1386888","1182158","416552.2","180133.2","16995.26","43263.37","NA","86461.51","48463.39","489533.7","263339.1","39043.33","677189.7","408184.3","142210.1","23490.63","14452000","21877.73","76925.4","55991252","299536.5"
"2008","12962.31","363531.5","12732.21","7257967","1048114","430831.5","520550.1","54449.9","25661.28","NA","62228.3","16678.72","1721485","10959.62","1563518","555218.4","182644","4589013","243622.1","30618.08","27930.54","237035.8","3761147","15312244","355177.6","5956359","3353655","61762.64","1640875","24296.33","284794.1","2926868","2925214","12815.92","43811.43","355389.3","38991.73","45921467","219421.5","13886.85","70621.84","159266.6","43746330","560069.4","1257713","276222.1","409130.8","18563.17","216374.1","2399198","13681.41","22186.13","5044547","135308.5","NA","1021540","NA","3428749","NA","NA","48042.19","56102.37","35757.76","89073.09","6072.54","1116007","15312244","9880.2","9004.057","565336.6","5669.132","10025.68","239121.1","NA","8495.059","951031.1","468581.3","135263.3","2165479","120719.1","173738.3","536086.1","262906.4","24813.14","98915.04","213917.1","1778499","1302562","518418","192747.1","17988.3","52575.43","NA","100750.8","55727.05","519595.7","291651.7","44946.54","768916.2","417693.3","182955.9","30498.01","14712900","27538.29","97097.01","61278371","289529.6"
"2009","12106.62","334458","9534.078","7718123","999573.9","401062.8","486208.8","51989.58","22887.7","17638.61","50724.03","17290.36","1693655","10347.77","1383307","544110.5","173623.5","5085245","234660.4","30608.43","26025.13","207412.1","3427078","14742227","322296.9","6433072","2594106","62519.69","1503260","19710.24","252259.4","2698642","2406153","10752.79","40203.92","331274.9","37759.5","43202636","213995.5","14589.52","62850.59","131508.7","41216069","582684.7","1238374","236779.7","396219.6","13160.23","207905.5","2190632","12052.83","24057.18","5233912","109145.2","37198.52","907785.7","NA","3174842","NA","NA","37483.69","51543.87","26307.97","90708.71","5440.302","902290.3","14742227","9385.379","8561.385","554544.4","4517.484","9154.314","209071.2","NA","8294.255","870530.7","389084","121899.1","1974365","121149.4","168374.7","439606","244571.9","22362.76","96993.44","174064.6","1309118","1282533","429512.3","192940.1","17609.19","45280.49","NA","89239.91","50240.66","432795.3","281925.7","43558.94","643641.8","392712.4","112774.5","31864.56","14448900","32509.95","101253.2","57980802","301907.8"
"2010","11911.95","424212.6","10161.63","9393992","1252637","392285.2","484054.5","50541.6","25670.79","17167.15","56809.15","19603.41","2209992","12805.2","1617061","584543.3","218998.7","6072564","286479.1","37363.63","25592.62","207564.6","3413514","17916426","322410.2","7743982","3088143","69555.37","1433383","19502.61","248060.1","2643555","2453297","11605.78","50506.61","300680.2","41284.24","45264603","228486.9","15839.38","59819.38","130976.6","42937849","755778","1593198","222397.6","462841.9","13729.49","234166.4","2125333","13186.68","26713.47","5714128","140023.3","40084.66","1094530","115223.3","3953703","NA","56812.32","37173.35","53230.38","23775.73","90749.59","5794.434","1058570","17916426","9427.467","8755.152","624378.3","7186.174","9988.127","255384.7","366695.1","8746.43","846984.5","429130.5","145401.5","2326754","147492.3","199709.1","479007.9","238593.3","27140.23","123482.6","165495.9","1625650","1650010","528797.2","236947.1","18450.97","41805.02","NA","89574.81","47852.49","489165.1","341329.2","44073.39","767945.8","448461.3","135256.8","40356.02","14992100","38546.52","112030.8","63181030","376130.1"
"2011","12865.2","526960.8","11132.83","11346043","1514602","431785.2","527585.5","57561.24","28718.5","18643.74","61723.53","23879.81","2617293","15366.63","1793915","701849","252310","7534114","334656.3","42266.41","27459.01","228175.1","3756177","21334387","344928.7","9462998","3679601","79276.66","1489794","23183.29","273970.7","2863212","2637220","14429.94","60928.46","288549.2","47591.76","48879179","248369.5","17730.9","62355.06","141279.9","46098610","892658.8","1817744","238152.9","585460.2","15146.76","261778.8","2279638","14420.31","29167.66","6171198","181425.3","42078.91","1203154","153821.3","4593590","NA","65300.84","43532.51","60068.07","28074.12","99168.6","7002.128","1180998","21334387","10498.43","9514.323","759663","10397.42","11516.81","298110.5","407958.7","9764.073","904695.9","498839.3","167183","2780569","171675.5","224082","529304.1","245200.5","33752.5","167839.4","183227.6","2035476","1883045","671727.1","276896.7","20285.34","49315.12","955490.3","98250.89","51303.23","563459","370921.6","45866.5","829115","487166.1","162087.6","48134.44","15542700","45097.45","132713.9","70213565","417640.8"
"2012","12331.85","579147.3","10949.19","12439808","1569008","409744.4","498329.3","53864.31","30673.69","17213.85","65282.08","27000.57","2469646","14448.94","1828196","668153","267241.3","8521176","370606.6","46482.83","25065.34","207641.2","3548528","22597516","327345.8","10567166","3879361","87924.54","1337243","23051.23","256942.4","2686843","2686187","15845.35","63909.3","246144","50352.54","48837826","262289.7","18707.28","56545.74","128052.5","45867594","917774.1","1804175","225206","567697.8","14720.65","257539.1","2074655","14839.5","31309.91","6202415","198066","50546.1","1223554","173711.8","4544778","NA","68466.86","42847.53","56712.72","28005.32","95819.49","7268.921","1201455","22597516","9741.475","9221.624","739878.7","12230.03","11642.27","314461","456318.6","10521.22","839311.2","510067.1","174945.7","2970232","192551.7","250057.8","500670.5","216580","33298.94","186765.9","170546.1","2179980","1872642","736090.1","291758.6","21390.82","43304.75","993690.2","93465.68","46487.81","545512.3","397583.7","45051.48","870347.4","496634.4","173549.9","51474.83","16197100","51070.48","153884","71435342","396825"
"2013","12818.77","610946","11132.21","13675872","1515878","430164.8","521186","55584.95","32451.98","18175.08","75143.71","30606.54","2474514","14914.33","1846649","689053","278360.1","9626297","381807","49739.17","24090.06","209500.4","3760504","24254261","343698.1","11738592","4136332","95129.66","1362457","25143.05","270110.4","2813463","2755834","16115.06","60368.6","239789.7","53802.08","49338216","275329.1","18731.01","58149.22","135307","46256001","915793.7","1862996","238761.9","573918.3","16049.87","293162.5","2130966","14351.11","34014.85","5161937","226556.1","55241.27","1306596","173776.5","4666867","NA","74283.52","46466.13","61760.78","30308.04","103768.2","7970.989","1275569","24254261","10786.32","10157.77","757946.1","12499.3","12106.44","323031.6","507329.4","10983.83","877348.4","523592.1","186854","3082215","200914.2","271376.6","523989.9","226194.9","38734.78","198544.2","190120.7","2280211","1937280","746418.8","305102.2","21984.4","48388.58","1017244","98495.56","48277.58","580017.2","420201.4","46244.76","948784.7","512792.5","179220.3","57682.44","16784900","55323.43","169392.3","73592477","367283.8"
"2014","13213.7","562799.8","11572.32","14589927","1456733","442830.1","531484","56661.61","33314.48","18567.79","78417.1","32973.84","2460031","16267.51","1806260","710773.8","260417.2","10391838","381919.3","50558.63","23403.78","207978.7","3909076","24855381","352939.2","12508735","3883629","101726.3","1378564","26627.83","272962","2858073","3038115","16504.83","51353.94","237084.4","58682.74","50415611","291224","20227.38","57691.46","140118.4","47329942","890471.5","2001857","259041.6","441717.5","17766.36","310281.5","2155962","13904.16","36285.64","4861433","218467.3","61575.89","1411973","162782.4","4709274","NA","79335.54","48594.35","66094.98","31451.86","109932.4","7894.612","1313676","24855381","11387.72","11288.8","635623.7","12220.5","12792.21","338043","544064.5","11870.56","892057.8","500726.2","199606.9","3085670","200831.6","284112.6","545777.6","229935.8","40281.8","205987.9","199391.7","2074535","2081192","755511.7","313080.8","22590.19","47189.56","1036927","101024.9","49974.63","576449.5","407098.2","47688.16","933399.2","531234","134498.1","57304.14","17521800","61929.1","184950.8","75270992","350872.6"
"2015","11372.74","642415.7","10560.91","15125164","1234000","382265.9","456413.4","50203.93","31070.3","16211.49","56574.23","33041.59","1822118","14466.19","1558124","680032.7","244316.2","10901423","295162.7","54775.15","19702.58","187098.9","3381655","23421444","303112.5","12956142","2949051","99290.38","1200333","22921.36","233092.2","2440697","2899017","13996.86","47837.09","196490.8","63723.67","47619344","309321.8","21139.38","49508.61","122982","44670593","860956.3","2088516","291034.2","393362.6","17413.54","300818.1","1832920","14191.41","37959.73","4391248","182299.9","64231.18","1383081","114592.8","3835890","NA","80506.24","41572.51","57240.11","27018.67","100768.3","6459.497","1170351","23421444","10095.2","10712.35","575142.1","11769.47","11680.9","297629.9","479409.3","12792.71","766128.5","387671.7","175204.8","2948751","189575.8","292261.5","477368.9","199629.2","36295.13","161576.9","177558.7","1361324","2169022","653426.1","306236.1","23432.39","39612.47","936198.1","87791.66","42972.19","498218.6","401460.2","43051.41","857345.4","528089.3","89660.11","53507.63","18219300","65774.99","190641.1","71040788","318573.4"
"2016","11843.17","556504.1","10560.1","15582818","1267884","394057.8","469646.6","53152.6","32197.72","16892.03","47744.82","33936.03","1808740","15670.2","1531528","670186.7","250510.1","11117421","283770.2","57224.01","20447.94","194976.2","3488648","23581203","311978.2","13274833","2840378","99937.7","1237382","23969.23","238990.4","2463273","2667158","14388.13","54393.68","195020.4","68604.93","48693539","320752.5","21715.24","51562.42","125833.3","45822498","931999.4","2225944","301634","387342.8","20680.71","319492.5","1869867","14075.79","39120.44","4935635","132632.7","69377.24","1415742","109242.6","3728026","NA","82041.19","42934.39","58955.43","27606.49","103572.3","6746.339","1074745","23581203","10671.22","11440.04","571794.6","11192.44","12232.02","297048.6","409073.5","13285","783235.2","370273.6","185211.6","2871041","191820.5","304439.4","471292.3","206244.8","36031.25","151592.6","187771.3","1287859","2307986","644652.4","316617.7","24140.38","40619.52","858186.2","89796.23","44550.02","511645.2","412464.4","41759.06","860481.7","532568.9","92607.93","52921.51","18707200","66407.22","200267.1","72274742","297439.6"
"2017","13047.13","642401.8","11488.72","17108726","1386485","418763.5","496226.2","58304.26","35355.6","18114.35","54603.34","37462.41","2054099","17425.06","1651296","679474.2","278016.2","12135514","311957.3","58203.03","22209.48","217341.4","3708482","25887108","330725.9","14465102","3199466","104295.9","1318194","26684.29","252996.4","2591302","2642967","15098.66","58324.41","203101","75530.37","50940734","341548.1","23102.85","55324.07","139994.1","47808285","1015216","2555692","332423.9","395293.4","24537.18","353661.5","1950261","14814.45","40738.52","4863445","157242.3","78884.71","1530569","119518","4131384","NA","87930.99","47708.84","62472.37","30516.43","109690.2","8154.142","1163589","25887108","11309.91","12788.08","585779","11373.58","13232.29","315091.1","344367.5","13836.55","833653.7","399958.8","200509.9","3132449","210604.4","313186.4","527913","219943.4","38973.32","165038.2","210736.8","1578058","2643623","688356.8","336808.6","24916.26","44290.18","861753.3","95851.06","48765.5","536770.7","455928.9","40056.82","848628.7","575286.6","111459.7","59588.44","19485500","58929.84","218792.8","76827842","349519.3"
"2018","15043.89","536803.1","12460.41","18892830","1416979","457268.8","532337.2","65053.78","37620.85","19719.26","59534.61","40276.83","1877122","18657.1","1710530","706372.4","298291","13601165","330450.8","60088.1","24499.54","244674.5","4006795","27490230","351645.3","16085220","3239669","108398.1","1427642","30282.59","275964.4","2778357","2829303","16252.39","64258.89","217512.9","78315.81","53787469","363073.6","23967.48","60749.95","155578.6","50536123","1042501","2718578","376051","192597.9","26003.5","369419.2","2072571","15718.35","42233.39","4977139","129925.7","88123.06","1620151","141575.2","4062318","NA","89031.81","53320.4","69534.28","34904.67","118473","11278.24","1225977","27490230","12644.73","14545.68","384325.2","12760.03","14172.83","354578.7","356471.2","13086.38","914098.5","436388.4","202938.9","3251346","222004.8","330229.7","586465.2","238231.6","40867.27","191109.3","238194.5","1652215","2807610","782192.7","361136.4","26045.92","50513.52","911087.1","106508.8","54524.04","552363.9","505239.2","31020.87","778056.1","590114.5","130202.8","59700.24","20494200","48573.88","238746.6","81277698","369404.1"
"2019","NA","NA","NA","4834925","NA","NA","NA","NA","NA","NA","NA","NA","NA","NA","NA","NA","NA","3480306","NA","NA","NA","NA","NA","NA","NA","4116421","NA","NA","349233.8","NA","NA","678504.7","NA","NA","NA","NA","NA","NA","NA","NA","NA","NA","NA","NA","NA","NA","NA","NA","NA","NA","NA","NA","NA","NA","NA","NA","NA","NA","NA","NA","NA","NA","NA","NA","NA","NA","NA","NA","NA","NA","NA","NA","NA","NA","NA","NA","NA","NA","NA","NA","NA","NA","NA","NA","NA","NA","NA","NA","NA","NA","NA","NA","NA","NA","NA","NA","NA","NA","NA","NA","NA","NA","5265700","14185.4","61511.04","NA","NA"
